{
    "train": {
        "loss": 0.7756204009056091,
        "acc": 0.375
    },
    "eval": {
        "loss": 0.7671765685081482,
        "acc": 0.3333333432674408
    },
    "step": 9,
    "test_loss": 0.0,
    "test_acc": 0.0
}
