{
    "train": {
        "loss": 0.3163188099861145,
        "accuracy": 0.8666666746139526,
        "mae": 1.720770239830017
    },
    "eval": {
        "loss": 0.25666552782058716,
        "accuracy": 0.9333333373069763,
        "mae": 1.8839553594589233
    },
    "step": 9,
    "test_loss": 0.0,
    "test_acc": 0.0,
    "test_mae": 0.0
}
