{
    "train": {
        "loss": 0.3207402229309082,
        "accuracy": 0.8666666746139526,
        "mae": 2.030163049697876
    },
    "eval": {
        "loss": 0.24998688697814941,
        "accuracy": 0.9333333373069763,
        "mae": 2.0851099491119385
    },
    "step": 9,
    "test_loss": 0.0,
    "test_acc": 0.0,
    "test_mae": 0.0
}
