step	acc
0	0.8999999761581421
1	1.0
2	1.0
3	0.8666666746139526
4	0.5666666626930237
5	0.5
6	0.46666666865348816
7	0.36666667461395264
8	0.36666667461395264
9	0.3333333432674408
