step	accuracy
0	0.699999988079071
1	0.8999999761581421
2	0.8999999761581421
3	0.8999999761581421
4	0.8666666746139526
5	0.8999999761581421
6	0.8999999761581421
7	0.8999999761581421
8	0.8999999761581421
9	0.9333333373069763
