step	accuracy
0	0.46666666865348816
1	0.800000011920929
2	0.800000011920929
3	0.800000011920929
4	0.8333333134651184
5	0.8666666746139526
6	0.8666666746139526
7	0.8999999761581421
8	0.9333333373069763
9	0.9333333373069763
