step	loss
0	1.1361721754074097
1	1.0712636709213257
2	1.0152573585510254
3	0.9645078778266907
4	0.9200965762138367
5	0.8820105195045471
6	0.8480209112167358
7	0.8183322548866272
8	0.7918115854263306
9	0.7671765685081482
