step	loss
0	0.9664174914360046
1	0.7664037346839905
2	0.6214261651039124
3	0.5146596431732178
4	0.43745654821395874
5	0.37924817204475403
6	0.33546382188796997
7	0.29936835169792175
8	0.27209779620170593
9	0.24998688697814941
