step	loss
0	0.9296506643295288
1	0.7502018213272095
2	0.6205527782440186
3	0.5222101211547852
4	0.44709187746047974
5	0.386444091796875
6	0.3410571217536926
7	0.3060988187789917
8	0.27922898530960083
9	0.25666552782058716
