step	mae
0	1.3091984987258911
1	1.3237354755401611
2	1.416378378868103
3	1.519027590751648
4	1.6226308345794678
5	1.7237151861190796
6	1.8216127157211304
7	1.914426565170288
8	2.0054574012756348
9	2.0851099491119385
