step	mae
0	1.0454754829406738
1	1.0745428800582886
2	1.121328353881836
3	1.181718111038208
4	1.263203501701355
5	1.3622504472732544
6	1.49331533908844
7	1.627672791481018
8	1.7511029243469238
9	1.8839553594589233
