step	acc
0	0.8666666746139526
1	0.9833333492279053
2	1.0
3	0.9416666626930237
4	0.8333333134651184
5	0.7083333134651184
6	0.574999988079071
7	0.46666666865348816
8	0.42500001192092896
9	0.375
