step	accuracy
0	0.4833333194255829
1	0.7416666746139526
2	0.8083333373069763
3	0.8083333373069763
4	0.8083333373069763
5	0.800000011920929
6	0.8166666626930237
7	0.824999988079071
8	0.8500000238418579
9	0.8666666746139526
