step	accuracy
0	0.3499999940395355
1	0.6833333373069763
2	0.7916666865348816
3	0.7833333611488342
4	0.7833333611488342
5	0.8083333373069763
6	0.8166666626930237
7	0.824999988079071
8	0.8416666388511658
9	0.8666666746139526
