step	loss
0	1.1021019220352173
1	0.8869142532348633
2	0.7313337922096252
3	0.6159319281578064
4	0.5268022418022156
5	0.4601638913154602
6	0.406350702047348
7	0.36777451634407043
8	0.3397889733314514
9	0.3163188099861145
