step	loss
0	1.1400015354156494
1	0.8984187841415405
2	0.7311121821403503
3	0.6155126690864563
4	0.5292463302612305
5	0.4632963240146637
6	0.4122467637062073
7	0.3780289590358734
8	0.34562504291534424
9	0.3207402229309082
