step	loss
0	1.1562728881835938
1	1.0875989198684692
2	1.0300675630569458
3	0.9797273278236389
4	0.9339348077774048
5	0.8932967782020569
6	0.8583894371986389
7	0.8266341090202332
8	0.7996587753295898
9	0.7756204009056091
