step	mae
0	1.0630325078964233
1	1.0191525220870972
2	1.0619244575500488
3	1.114427089691162
4	1.1821969747543335
5	1.2600351572036743
6	1.3711340427398682
7	1.4883285760879517
8	1.6037654876708984
9	1.720770239830017
