step	mae
0	1.284040093421936
1	1.2802413702011108
2	1.332373857498169
3	1.432055115699768
4	1.5327059030532837
5	1.641687035560608
6	1.7390187978744507
7	1.8394858837127686
8	1.940009355545044
9	2.030163049697876
